target,excerpt,note
p2-prop17-note,"Further, to retain the usual phraseology, the modifications of the human body, of which the ideas represent external bodies as present to us, we will call the images of things, though they do not recall the figure of things. When the mind regards bodies in this fashion, we say that it imagines. I will here draw attention to the fact, in order to indicate where error lies, that the imaginations of the mind, looked at in themselves, do not contain error.","cited for the definition of imagination (images of things) and for error lying not in imagining itself"
p2-prop18-note,"We now clearly see what Memory is. It is simply a certain association of ideas involving the nature of things outside the human body, which association arises in the mind according to the order and association of the modifications (affectiones) of the human body.","cited for the definition of memory and the association of images"
p2-prop35-note,"In the note to II. xvii. I explained how error consists in the privation of knowledge, but in order to throw more light on the subject I will give an example. For instance, men are mistaken in thinking themselves free; their opinion is made up of consciousness of their own actions, and ignorance of the causes by which they are conditioned. Their idea of freedom, therefore, is simply their ignorance of any cause for their actions.","cited for error as privation and the illusion of free will; ends on a full sentence"
p2-prop44-note,"His imagination will therefore waver; and, with the imagination of future evenings, he will associate first one, then the other—that is, he will imagine them in the future, neither of them as certain, but both as contingent. This wavering of the imagination will be the same, if the imagination be concerned with things which we thus contemplate, standing in relation to time past or time present: consequently, we may imagine things as contingent, whether they be referred to time present, past, or future.","cited for the wavering of the imagination and things imagined as contingent in past or future time"
p2-prop47-note,"Hence we see, that the infinite essence and the eternity of God are known to all. Now as all things are in God, and are conceived through God, we can from this knowledge infer many things, which we may adequately know, and we may form that third kind of knowledge of which we spoke in the note to II. xl., and of the excellence and use of which we shall have occasion to speak in Part V.","cited for the knowledge of God and the third kind of knowledge"
p2-prop48-note,"In the same way it is proved, that there is in the mind no absolute faculty of understanding, desiring, loving, &c. Whence it follows, that these and similar faculties are either entirely fictitious, or are merely abstract and general terms, such as we are accustomed to put together from particular things.","cited for faculties being only general terms"
p3-prop11-note,"Thus we see, that the mind can undergo many changes, and can pass sometimes to a state of greater perfection, sometimes to a state of lesser perfection. These passive states of transition explain to us the emotions of pleasure and pain. By pleasure therefore in the following propositions I shall signify a passive state wherein the mind passes to a greater perfection. By pain I shall signify a passive state wherein the mind passes to a lesser perfection. Further, the emotion of pleasure in reference to the body and mind together I shall call stimulation (titillatio) or merriment (hilaritas), the emotion of pain in the same relation I shall call suffering or melancholy. But we must bear in mind, that stimulation and suffering are attributed to man, when one part of his nature is more affected than the rest, merriment and melancholy, when all parts are alike affected. What I mean by desire I have explained in the note to Prop. ix. of this part; beyond these three I recognize no other primary emotion; I will show as I proceed, that all other emotions arise from these three.","cited (30+ times in III-IV) for the definitions of pleasure, pain, merriment, melancholy and the three primary emotions; the rest of the note explains III. x."
p3-prop30-note,"But, as the terms love and hatred are used in reference to external objects, we will employ other names for the emotions now under discussion: pleasure accompanied by the idea of an external cause we will style Honour, and the emotion contrary thereto we will style Shame: I mean in such cases as where pleasure or pain arises from a man's belief, that he is being praised or blamed: otherwise pleasure accompanied by the idea of an external cause is called self—complacency, and its contrary pain is called repentance. Again, as it may happen (II. xvii. Coroll.) that the pleasure, wherewith a man conceives that he affects others, may exist solely in his own imagination, and as (III. xxv.) everyone endeavours to conceive concerning himself that which he conceives will affect him with pleasure, it may easily come to pass that a vain man may be proud and may imagine that he is pleasing to all, when in reality he may be an annoyance to all.","206 words, just over the limit: drops only the opening sentence (love and hatred recalled); keeps honour, shame, self-complacency, repentance and pride, which the citations use"
p4-prop37-note1,"Again, whatsoever we desire and do, whereof we are the cause in so far as we possess the idea of God, or know God, I set down to Religion. The desire of well—doing, which is engendered by a life according to reason, I call piety. Further, the desire, whereby a man living according to reason is bound to associate others with himself in friendship, I call honour; by honourable I mean that which is praised by men living according to reason, and by base I mean that which is repugnant to the gaining of friendship.","the definitions of religion, piety, honour, honourable and base, which the citations (IV. xlv. Coroll. ii., lviii., Appendix xv., xxv., V. iv. note) use"
p4-prop44-note,"Mirth, which I have stated to be good, can be conceived more easily than it can be observed. For the emotions, whereby we are daily assailed, are generally referred to some part of the body which is affected more than the rest; hence the emotions are generally excessive, and so fix the mind in the contemplation of one object, that it is unable to think of others;","the opening, up to the point the citations use (emotions referred to one part of the body, excessive, fixing the mind on one object); the rest is about madness"
p4-prop39-note,"The extent to which such causes can injure or be of service to the mind will be explained in the Fifth Part. But I would here remark that I consider that a body undergoes death, when the proportion of motion and rest which obtained mutually among its several parts is changed.",cited in V. xxxviii. note for the point about death promised for Part V; the rest is the Spanish poet and infants
p5-prop4-note,"it follows that everyone has the power of clearly and distinctly understanding himself and his emotions, if not absolutely, at any rate in part, and consequently of bringing it about, that he should become less subject to them. To attain this result, therefore, we must chiefly direct our efforts to acquiring, as far as possible, a clear and distinct knowledge of every emotion, in order that the mind may thus, through emotion, be determined to think of those things which it clearly and distinctly perceives, and wherein it fully acquiesces: and thus that the emotion itself may be separated from the thought of an external cause, and may be associated with true thoughts;",cited 3 times in V. xx. note: knowledge of the emotions and separating them from the thought of an external cause
