source,text,occ,action,target,note
p1-prop8-note2,"notes ii., iii.",,skip,,"refers to the numbered points 2 and 3 inside this same note, not to notes of other propositions"
p1-prop19-note,Prop. xix.,,skip,,"Prop. xix. of Spinoza's Principles of the Cartesian Philosophy, not of the Ethics"
p1-prop34-proof,Coroll.,,set,p1-prop16-cor1,"Latin: per Prop. 16 et ejus Coroll. 1 (God the efficient cause of all things)"
p1-app,Corollary of Prop. xxxii.,,set,p1-prop32-cor1,"Latin Appendix: Coroll. 1 Prop. 32"
p1-prop6-cor,the last Prop.,,set,p1-prop6,"in the corollary of Prop. vi.: the Prop. just proved (as in the sample)"
p2-prop3-note,Prop. xvi.,,set,p1-prop16,"""in Part I from Prop. xvi. to the end"""
p2-prop3-proof,the first Prop. of this Part,,add,p2-prop1,"Latin: per Prop. 1 hujus"
p2-prop4-proof,"Part i., Prop. xiv., Coroll.",,set,p1-prop14-cor1,"Latin: per Coroll. 1 Prop. 14 p. 1 (God is one)"
p2-prop8-proof,the last,,add,p2-prop7,"""evident from the last"" = Prop. vii."
p2-prop8-proof,the preceding note,,add,p2-prop7-note,"note to Prop. vii."
p2-prop9-proof,Corollary and note to Prop. viii.,,skip,,"split into two links below"
p2-prop9-proof,Corollary,,add,p2-prop8-cor,"Latin: per Coroll. et Schol. Prop. 8 hujus"
p2-prop9-proof,note to Prop. viii.,,add,p2-prop8-note,"Latin: per Coroll. et Schol. Prop. 8 hujus"
p2-prop10-cor,i. 15,,add,p1-prop15,"arabic numeral, not picked up by the tokenizer"
p2-prop10-cor,i. 25. Coroll.,,add,p1-prop25-cor,"arabic numeral, not picked up by the tokenizer"
p2-prop11-proof,the last Prop.,,skip,,"replaced by the longer link below"
p2-prop11-proof,Coroll. of the last Prop.,,add,p2-prop10-cor,"corollary of Prop. x."
p2-prop11-proof,the same Axiom,,add,p2-ax3,"II. Ax. iii., cited just before"
p2-lem3-proof,Lemma I.,,add,p2-lem1,"uppercase numeral, not picked up by the tokenizer"
p2-lem3-proof,Ax. i.,,set,p2-ax1-bodies,"in the physical digression: Axiom I after Prop. xiii. (all bodies are in motion or at rest)"
p2-lem4-proof,the last Def.,,add,p2-lem3-def,"the Definition after Lemma iii. (union of bodies)"
p2-lem5-proof,the last Lemma,,add,p2-lem4,"Lemma iv."
p2-lem7-proof,Lemma iv.,,skip,,"replaced by the longer link below"
p2-lem7-proof,the definition of an individual prefixed to Lemma iv.,,add,p2-lem3-def,"the Definition after Lemma iii."
p2-prop17-note,II. xiii.,,set,p2-prop13,"""Coroll. after II. xiii."": this translation omits that Corollary (Latin: hominem mente et corpore constare), so the link goes to Prop. xiii."
p2-prop37,Lemma II.,,add,p2-lem2,"uppercase numeral, not picked up by the tokenizer"
p2-prop41-proof,the foregoing note,,add,p2-prop40-note2,"Note II to Prop. xl. (the three kinds of knowledge)"
p2-prop47-note,II. xl.,,set,p2-prop40-note2,"the third kind of knowledge is in Note II"
p2-prop3-note,ii.,,set,p1-prop32-cor2,"""Corolls. i. and ii."" of I. xxxii.: the second number is a corollary, not Prop. ii."
p2-ax5-nb,Prop. xiii.,,set,p2-prop13,"reviewed: the Postulates follow Prop. xiii. (forward reference)"
p2-prop9-cor-proof,the last Prop.,,set,p2-prop9,"reviewed: in the corollary's proof, the Prop. just proved (Latin: per Prop. praeced.)"
p2-prop10-cor,the last Prop.,,set,p2-prop10,"reviewed: the being of substance does not belong to man's essence = Prop. x."
p2-prop26-proof,Coroll.,,set,p2-prop16-cor1,"Latin: per Prop. 16 hujus cum ejus Coroll. 1 (perceiving external bodies)"
p2-prop31-cor,the last Prop.,,set,p2-prop31,"reviewed: no adequate idea of the duration of things = Prop. xxxi."
p2-prop38-cor,the foregoing Prop.,,set,p2-prop38,"reviewed: what is common to all is perceived adequately = Prop. xxxviii."
p2-prop43-note,the foregoing proposition,,set,p2-prop43,"reviewed: the note remarks on Prop. xliii. itself"
p2-prop49-cor-proof,the foregoing Prop.,,set,p2-prop49,"reviewed: volition and idea are one and the same = Prop. xlix."
p2-prop49-note,the foregoing proposition,,set,p2-prop49,"reviewed: the note explains Prop. xlix. (and its corollary)"
p2-prop48-note,the Appendix to Part I.,,add,p1-app,"""Appendix"" is not a token of the tokenizer"
p2-prop48-note,the following proposition,,add,p2-prop49,"forward reference to Prop. xlix."
p3-prop1-proof,II. xl. note,,set,p2-prop40-note2,"Latin: per scholia Prop. 40 p. II (both); Note II is the one on ideas perceived ""fragmentarily, confusedly"""
p3-prop1-proof,II. xl. Coroll.,,set,p2-prop11-cor,"misprint: II. xl. has no corollary; Latin: per corollarium Prop. 11 p. II"
p3-prop1-proof,the same Coroll.,,add,p2-prop11-cor,"= the corollary just cited (Latin: per idem corollarium = II. xi.)"
p3-prop16-proof,the foregoing Corollary,,set,p3-prop15-cor,"reviewed: Latin per praecedens corollarium = III. xv. Coroll."
p3-prop18-proof,II. xvi. Coroll.,,set,p2-prop16-cor2,"Latin: per corollarium II Prop. 16 p. II"
p3-prop19-proof,III. xii. note,,set,p3-prop13-note,"misprint: III. xii. has no note; Latin: per scholium Prop. 13 (definition of love)"
p3-prop23-note,Prop. xxvii.,,set,p3-prop27,"reviewed: forward reference (""as I am about to show"")"
p3-prop27-cor1-proof,the last proposition,,set,p3-prop27,"reviewed: Latin ex praecedenti propositione = III. xxvii."
p3-prop27-cor3-proof,the foregoing proposition,,set,p3-prop27,"reviewed: = III. xxvii."
p3-prop32-proof,Coroll.,,set,p3-prop27-cor1,"Latin: per Prop. 27 cum ejusdem I corollario"
p3-prop36-cor-proof,the last Prop.,,set,p3-prop36,"reviewed: = III. xxxvi."
p3-prop40-cor2-proof,the last proposition,,set,p3-prop40,"reviewed: = III. xl."
p3-prop41-proof,the preceding one,,add,p3-prop40,"""proved in the same way as the preceding one"""
p3-prop41-proof,the note appended thereto,,add,p3-prop40-note,"the note to III. xl."
p3-prop41-note,preceding proposition,,skip,,"replaced by the longer span ""note to preceding proposition"""
p3-prop41-note,note to preceding proposition,,add,p3-prop40-note,"the note to III. xl."
p3-prop41-cor,the preceding proposition,,skip,,"replaced by the longer span below"
p3-prop41-cor,the first corollary of the preceding proposition,,add,p3-prop40-cor1,"= III. xl. Coroll. i."
p3-prop50-proof,III. xviii.,,set,p3-prop18-note2,"Latin: scholio II Prop. 18 (hope and fear)"
p3-prop50-note,III. xviii. note,,set,p3-prop18-note2,"definitions of hope and fear are in Note II"
p3-prop55-note,II. xl. note,,set,p2-prop40-note1,"Latin: in scholio I Prop. 40 p. II"
p3-prop56-proof,II. xl. note,,set,p2-prop40-note1,"Latin: vide scholium I Prop. 40 p. II"
p3-prop56-note,the last proposition,,set,p3-prop56,"reviewed: the note comments on III. lvi. itself"
p3-prop57-note,the foregoing proposition,,set,p3-prop57,"reviewed: = III. lvii."
p3-prop57-proof,Ax. i.,,set,p2-lem3-ax1,"""Ax. i. (which see after Lemma iii. Prop. xiii., Part II.)"""
p3-prop51-proof,the same Post.,,add,p2-post3,"= II. Post. iii., cited just before"
p3-prop51-proof,the same Axiom,,add,p2-lem3-ax1,"= Ax. i. after Lemma iii., cited just before"
p3-prop58-proof,the note to the same Prop.,,add,p3-prop9-note,"= note to III. ix."
p3-post2,note II. xvii.,,add,p2-prop17-note,"""note II. xvii."" (note before the number) is not a token pattern"
p3-prop11-note,Corollary to II. viii.,,add,p2-prop8-cor,"""Corollary to II. viii."" is not a token pattern"
p3-prop47-note,Corollary to II. xvii.,,add,p2-prop17-cor,"""Corollary to II. xvii."" is not a token pattern"
p3-prop15-note,the next Prop.,,add,p3-prop16,"forward reference to III. xvi."
p3-emodef1-expl,the same note,,add,p3-prop9-note,"= the note to Prop. ix. cited just before"
p3-emodef13,III. xviii. note,,set,p3-prop18-note2,"Latin: Vide scholium II Prop. 18"
p3-emodef18,III. xxvii. note,,set,p3-prop27-note1,"pity/compassion is defined in Note I"
p3-emodef24-expl,xxxii.,,set,p3-prop32-note,"""the notes to III. xxiv. and xxxii."" (Latin: scholium Prop. 32)"
p3-emodef33-expl,note.,1,set,p3-prop27-note1,"""III. xxvii. and note"": emulation is defined in Note I"
p3-emodef34,xl.,,set,p3-prop41-note,"misprint: Latin Vide Prop. 39 cum scholio Prop. 41; gratitude is defined in the note to III. xli."
p3-emodef35,III. xxvii. note.,,set,p3-prop27-note2,"benevolence is defined in Note II"
p3-emodef37,note.,,set,p3-prop40-cor2-note,"Latin: Vide II corollarium Prop. 40 cum ejusdem scholio (revenge)"
p4-def6,ii.,,set,p3-prop18-note2,"""III. xviii., notes. i. and ii."": the second note of III. xviii., not III. ii."
p4-prop1-proof,IV. iii.,,set,p3-prop4,"misprint: Latin per propositionem 4 partis III (a thing cannot be destroyed by itself)"
p4-prop27-proof,II. xl. note,,set,p2-prop40-note2,"Latin per scholia Prop. 40 p. II (both notes); Note II defines reason, i.e. having adequate ideas"
p4-prop35-cor1,the last Prop.,,set,p4-prop35,"Latin per propositionem praecedentem: the proposition this corollary belongs to"
p4-prop35-cor2,the last Prop.,,set,p4-prop35,"Latin per propositionem praecedentem: the proposition this corollary belongs to"
p4-prop35-cor2,the foregoing Coroll.,,set,p4-prop35-cor1,"Latin per praecedens corollarium"
p4-prop37-note1,Prop. xviii.,,skip,,"replaced by the longer span below"
p4-prop37-note1,Prop. xviii. of this Part,,add,p4-prop18-note,"Latin in scholio propositionis 18 hujus partis"
p4-prop45-cor2,IV. xxxvii. note.,,set,p4-prop37-note1,"Latin in scholiis Prop. 37 (both); baseness is defined in Note I, injustice in Note II"
p4-prop47-proof,"Def. of the Emotions, Explanation xii. and xiii.",,set,p3-emodef13-expl,"the explanation following Def. XIII (hope and fear)"
p4-prop59-proof,"Def. of the Emotions, iv. explanation",,set,p3-emodef4-expl,"Latin vide explicationem quartae affectuum definitionis"
p4-prop60-note,IV. ix.,,set,p4-prop9-cor,"Latin per corollarium propositionis 9 hujus"
p4-app15,ii.,,set,p4-prop37-note2,"""IV. xxxvii. notes. i. ii."": Note II of IV. xxxvii., not IV. ii."
p4-app19,III. xxxi. Coroll.,,set,p3-prop31-note,"Latin Vide scholium propositionis 31 partis III (ambition: everyone wants others to live by his own disposition)"
p4-prop66-cor,the foregoing Proposition,,set,p4-prop66,"Latin ad praecedentem propositionem: the proposition this corollary belongs to"
p4-prop66-cor,IV. lxv.,,skip,,"replaced by the two longer spans below"
p4-prop66-cor,the Corollary to IV. lxv.,,add,p4-prop65-cor,"Latin ut corollarium propositionis 65 ad ipsam propositionem 65"
p4-prop66-cor,the said IV. lxv.,,add,p4-prop65,"Latin ad ipsam propositionem 65"
p4-pref,the Appendix to Part I.,1,add,p1-app,"not recognized by the tokenizer (Latin in primae partis appendice)"
p4-pref,the Appendix to Part I.,2,add,p1-app,"not recognized by the tokenizer (Latin in appendice partis primae)"
p4-def2,the foregoing preface,,add,p4-pref,"not recognized by the tokenizer"
p4-prop7-proof,IV. Ax.,,add,p4-ax1,"the single axiom of Part IV (Latin per axioma hujus)"
p4-prop18-note,Postulate iv.,,skip,,"replaced by the longer span below"
p4-prop18-note,"Postulate iv., Part II.",,add,p2-post4,"Latin ex postulato 4 partis II"
p4-prop25-proof,the foregoing corollary,,add,p4-prop22-cor,"Latin per praedictum corollarium (IV. xxii. Coroll., cited just before)"
p4-prop37-note1,the following note,,add,p4-prop37-note2,"Latin de his vide sequens scholium"
p4-prop37-note2,the Appendix to Part I.,,add,p1-app,"not recognized by the tokenizer"
p4-prop39-proof,Preface to this Part,,add,p4-pref,"not recognized by the tokenizer"
p4-prop42-proof,III. xi.,2,skip,,"replaced by the longer span below"
p4-prop42-proof,the same note to III. xi.,,add,p3-prop11-note,"Latin in scholio propositionis 11 partis III"
p4-prop45-note,Coroll. I.,,add,p4-prop45-cor1,"Latin quam in I corollario malam esse dixi"
p4-prop54-proof,the foregoing one,,add,p4-prop53,"the first part is proved like the preceding proposition"
p4-prop59-proof2,the preface to Pt. IV.,,add,p4-pref,"not recognized by the tokenizer"
p4-prop73-note,IV. l.,,skip,,"replaced by the longer span below"
p4-prop73-note,the note to IV. l.,,add,p4-prop50-note,"Latin in scholio propositionis 50 hujus partis"
p5-pref,I.27,,skip,,"Descartes, Passions of the Soul, Part I, art. 27 (Latin articulum 27 partis I passionum animae), not the Ethics"
p5-pref,I.50.,,skip,,"Descartes, Passions of the Soul, Part I, art. 50 (Latin articulo 50 partis I de passionibus animae), not the Ethics"
p5-prop4-cor,the preceding Prop.,,set,p5-prop4,"Latin per propositionem praecedentem: the proposition this corollary belongs to"
p5-prop4-note,second proof,,add,p4-prop37-proof2,"Latin II demonstrationem ejusdem propositionis: the Another Proof of IV. xxxvii."
p5-prop17-cor,the foregoing Prop.,,set,p5-prop17,"Latin per propositionem praecedentem: the proposition this corollary belongs to"
p5-prop32-proof,"Def of the Emotions, xxv.",,add,p3-emodef25,"not recognized by the tokenizer (no period after Def); Latin per 25 affectuum definitionem"
p5-prop33-proof,the same Axiom,,add,p1-ax3,"Latin per idem axioma partis I: I. Ax. iii., cited just before"
p5-prop33-note,the foregoing Prop.,,set,p5-prop33,"Latin per propositionem praecedentem: V. xxxiii., that this love is eternal"
p5-prop33-note,the last Prop.,,skip,,"replaced by the longer span below"
p5-prop33-note,the Coroll. of the last Prop.,,add,p5-prop32-cor,"Latin in corollario propositionis praecedentis; V. xxxiii. has no corollary, V. xxxii. Coroll. is meant"
p5-prop37-note,The Axiom of Part IV.,,add,p4-ax1,"the single axiom of Part IV"
p5-prop39-note,the last Proposition,,skip,,"replaced by the longer span below"
p5-prop39-note,the note to the last Proposition,,add,p5-prop38-note,"Latin in scholio propositionis praecedentis"
